Date;booking-luxury-b2b_reservations_kpi;booking-luxury-b2b_reservations_id;booking-luxury-b2b_trev_net;booking-luxury-b2b_trev_gross;booking-luxury-b2c_reservations_kpi;booking-luxury-b2c_reservations_id;booking-luxury-b2c_trev_net;booking-luxury-b2c_trev_gross;booking-rest-b2b_reservations_kpi;booking-rest-b2b_reservations_id;booking-rest-b2b_trev_net;booking-rest-b2b_trev_gross;booking-rest-b2c_reservations_kpi;booking-rest-b2c_reservations_id;booking-rest-b2c_trev_net;booking-rest-b2c_trev_gross;dir_web-luxury-b2b_reservations_kpi;dir_web-luxury-b2b_reservations_id;dir_web-luxury-b2b_trev_net;dir_web-luxury-b2b_trev_gross;dir_web-luxury-b2c_reservations_kpi;dir_web-luxury-b2c_reservations_id;dir_web-luxury-b2c_trev_net;dir_web-luxury-b2c_trev_gross;dir_web-rest-b2b_reservations_kpi;dir_web-rest-b2b_reservations_id;dir_web-rest-b2b_trev_net;dir_web-rest-b2b_trev_gross;dir_web-rest-b2c_reservations_kpi;dir_web-rest-b2c_reservations_id;dir_web-rest-b2c_trev_net;dir_web-rest-b2c_trev_gross;resto_otas-luxury-b2b_reservations_kpi;resto_otas-luxury-b2b_reservations_id;resto_otas-luxury-b2b_trev_net;resto_otas-luxury-b2b_trev_gross;resto_otas-luxury-b2c_reservations_kpi;resto_otas-luxury-b2c_reservations_id;resto_otas-luxury-b2c_trev_net;resto_otas-luxury-b2c_trev_gross;resto_otas-rest-b2b_reservations_kpi;resto_otas-rest-b2b_reservations_id;resto_otas-rest-b2b_trev_net;resto_otas-rest-b2b_trev_gross;resto_otas-rest-b2c_reservations_kpi;resto_otas-rest-b2c_reservations_id;resto_otas-rest-b2c_trev_net;resto_otas-rest-b2c_trev_gross
2021-11-01;;;;;53.99999999999999;54;31752.909251301;36818.87707752;3.0;3.0;512.581412;592.278643;7942.478571428571;7954;688458.286242182;815027.572150858;;;;;19.0;19;22586.812003203;22586.812003203;161.16666666666666;166;21313.75514;21313.75514;3695.6285714285714;3703;475100.333793948;475145.774161948;3.0;3.0;1882.336598;1995.73282;11.0;11.0;4733.825036;5209.153655;188.2;189;18561.315117088;21355.745282378;1547.3333333333333;1548;143389.088460495;164279.176045314
2021-11-08;;;;;45.0;45;15327.227741997;17706.985774987;3.999999999999999;4.0;896.761267;934.377901;6204.708333333333;6210;534603.070700972;632685.057981112;;;;;13.0;13;8270.345594054;8270.345594054;208.4;216;27963.781516844;27963.781516844;3440.4464285714284;3447;448159.979944249;448307.419011249;;;;;17.0;17.0;8115.652840132;9269.422304547;152.5;153;17887.11118419;20635.744900781;1297.5;1298;120477.337624479;138641.704560477
2021-11-15;;;;;28.0;28;12069.326013927;14286.452747278;3.2666666666666666;5.0;256.633547;256.633547;6203.387914862915;6212;474735.306781806;562138.950835326;;;;;28.0;28;17258.034527239;17258.034527239;149.3;156;19917.992921;19933.880773;3110.224603174603;3117;371056.5983611;371056.5983611;1.4444444444444444;2.0;557.046422;608.7358939999999;10.0;10.0;3286.565525;3941.823563;115.0;115;11748.349034511;13511.032479979;1183.4666666666667;1184;81375.725440448;93827.592112541
2021-11-22;;;;;24.07142857142857;25;3987.881973;4664.808322;1.0;1.0;0.0;0.0;5087.47619047619;5094;405478.240923723;479679.185178131;;;;;14.999999999999996;15;11660.728461;11660.728461;168.26666666666665;173;24906.552556;25724.004479;2670.027777777778;2674;326268.885190139;326287.548738139;0.9999999999999996;1.0;2615.728089;2615.728089;8.0;8.0;1951.328358433;2177.645187853;58.0;58;7308.796399;8441.478101;968.75;969;81745.72442345;93745.590310041
2021-11-29;;;;;18.0;18;9606.302191;10949.328714;3.0;3.0;178.923213;187.78583;3723.2166666666662;3727;322284.693560694;381075.291142006;;;;;6.999999999999998;7;5096.382589;5096.382589;96.83333333333331;99;15178.67108739;15671.59079939;1867.4603174603171;1871;226627.894226962;226663.574287782;;;;;5.0;5.0;2216.068220268;2527.566415268;76.07142857142857;77;11219.039112137;12731.024601137;624.6666666666666;625;60657.590571042;69763.773226181
2021-12-06;;;;;25.0;25;11210.836625904;12954.845192346;24.0;24.0;2232.298512;2503.825256;3620.01645021645;3624;322336.601820939;380234.563011842;;;;;14.999999999999998;15;11148.128589941;11148.128589941;126.84598096245372;134;20776.326026;21514.657962;1885.3166666666664;1889;250408.064864064;250408.064864064;2.0;2.0;1095.572464;1215.662038;10.0;10.0;8738.797223;10117.173742;84.21666666666667;87;13711.994553116;15519.322259116;732.1666666666666;737;72071.381921964;82918.997894726
2021-12-13;;;;;25.0;25;13841.443698459;16208.841859771;2.999999999999999;3.0;255.720993;255.720993;4233.866666666667;4243;362961.218763889;430543.935544988;;;;;12.599999999999998;13;17019.324108101002;17019.324108101002;120.0;123;15356.294596;15737.364874;1878.3333333333333;1880;232587.759072109;232634.01766510904;;;;;3.0;3.0;2396.186013374;2569.026533304;58.5;59;6696.072119405;7774.268990963;765.2051282051282;768;70685.62249574;81091.986414751
2021-12-20;;;;;18.0;18;12131.017326659;14119.858566464;1.0;1.0;135.284;154.999999;2975.036363636364;2978;284330.311563957;336997.018138501;;;;;5.999999999999999;6;5836.869148000001;5836.869148000001;64.0;65;12661.408676;12661.408676;1310.5;1311;189158.267157864;189158.267157864;;;;;;;;;25.5;26;3723.296717;4106.626898;470.3333333333333;471;60073.796843431;67752.731145417
2021-12-27;;;;;24.5;25;10756.018097653;12468.385290795;5.111111111111111;6.0;572.146726;627.6732089999999;3531.5;3534;383799.866693473;455755.900130633;;;;;8.0;8;5262.1626400000005;5262.1626400000005;57.05555555555556;58;7331.424022;7412.265142;1630.4166666666667;1631;269602.548749778;269639.016034778;;;;;6.0;6.0;6309.147328992;6894.819167704;17.0;17;2309.94065;2620.070486;546.3333333333334;547;54721.105623932;62846.552113124
2022-01-03;;;;;22.0;22;10725.898922665;12560.979225567;6.166666666666666;7.0;372.174068;416.442354;4575.047619047619;4579;457342.31181583;542549.297984801;;;;;16.0;16;8430.965524871;8430.965524871;122.5;131;20589.471345;20589.471345;2219.6666666666665;2220;334384.49358978;334399.15608878003;2.0;2.0;308.44036600000004;337.614678;4.0;4.0;1838.268705;2115.723478;61.99999999999997;62;6490.906141538;7575.861771538;658.75;659;66028.848329496;75655.719358355
2022-01-10;;;;;21.0;21;7003.678880721;8078.155742525;2.0;2.0;249.488687;268.642893;4541.577777777778;4547;478325.330414436;566609.836755607;1.0;1.0;208.490568;208.490568;10.0;10;11584.833102707;11584.833102707;198.5;201;32142.855866967;32227.401326967;2387.866666666667;2391;339662.084047942;339673.523298942;;;;;7.0;7.0;2295.5453;2620.167098;86.0;86;12216.712952814;14283.509064607;826.0;826;80588.112362429;92553.409469041
2022-01-17;;;;;32.0;32;22508.193296123;26268.014593598;4.4;5.0;478.746555;478.746555;4523.602777777778;4535;528200.511777172;626141.303622689;0.5;1.0;800.761216;800.761216;11.0;11;11805.976861044;11805.976861044;241.26666666666665;250;55228.514027;55583.059497;2495.4761904761904;2501;424708.863009172;424849.630939172;2.0;2.0;450.243981;545.644082;11.0;11.0;8131.706444;8251.497642;99.0;99;9916.016170385;11368.929856385;790.75;792;83587.263962965;97002.092700939
2022-01-24;;;;;48.8;49;39064.087337555;45132.565536522;11.0;11.0;3697.361323907;3971.984903907;4353.25;4357;507236.237701475;600578.97330584;;;;;21.0;21;26090.305927333;26090.305927333;145.2;152;23137.945603698;23253.244463698;2523.9666666666667;2527;402635.672793055;402660.878986055;1.0;1.0;251.060658;297.113205;6.999999999999998;7.0;8002.932162;8911.148627;94.0;94;10631.089856825;12324.119475175;779.5;780;96736.12505443;111333.968614825
2022-01-31;;;;;45.0;45;22283.931829664;25947.101564068;4.999999999999999;5.0;671.9818799999999;742.5702600000001;4930.492424242424;4937;636238.550615345;755581.101479766;;;;;19.0;19;27724.033495999;27724.033495999;291.6384615384615;297;83922.981622869;85307.062464869;2834.4;2841;513905.33645263;513940.72448563;2.0;2.0;635.421053;739.904597;19.0;19.0;9150.888265;10428.369794;121.5;122;14404.22028076;16605.082744592;942.4325396825396;944;112618.487565023;130501.484759804
2022-02-07;1.0;1.0;567.952683;618.200389;80.66666666666666;81;39250.601987173;45610.595468106;9.999999999999996;10.0;2401.284292;2401.284292;5254.465873015873;5265;641752.529342993;760771.180571973;1.0;1.0;428.669225;428.669225;27.0;27;21703.620733756;21703.620733756;312.522533022533;320;70019.16663;70336.892986;3053.335294117647;3058;557220.210148302;557363.051838302;4.0;4.0;559.732762;618.688349;18.0;18.0;8876.533650437;10042.079880542;104.33333333333331;105;14185.389999531;16606.591183155;995.2444444444444;997;135815.827646915;156340.412410195
2022-02-14;;;;;75.0;75;40979.469119981;48173.99971901901;4.749999999999999;6.0;1247.170312023;1349.857576023;6169.2007936507935;6178;815430.442844593;968003.941399025;2.0;2.0;1080.050312;1080.050312;24.666666666666664;25;22175.761033778;22175.761033778;237.75;244;45376.415199517;45941.693412517;3436.02208994709;3444;656930.425722285;657029.971176285;;;;;16.0;16.0;8917.0595;10145.834067;136.0;136;16893.570143658;19597.686168939;1278.6666666666667;1279;174649.229831247;199986.080964958
2022-02-21;;;;;72.0;72;42826.526740965;48981.269400484;4.0;4.0;227.636508;245.514171;5897.887667887668;5908;756669.654590838;897478.661763856;2.0;2.0;1698.8715039999995;1698.8715039999995;27.33333333333333;28;36925.862604624;36925.862604624;365.159052059052;382;91299.773432537;92121.238815537;3305.638095238095;3314;572584.763665105;572792.500396105;2.0;2.0;842.0521;978.74824;13.0;13.0;12290.699724927;13827.540093487;137.0;137;17779.451021944;20469.927504034;1082.3333333333333;1083;161305.828566953;186437.221378176
2022-02-28;;;;;72.0;72;30920.364653686;36095.380127757;6.999999999999998;7.0;1311.365878;1412.735547;5793.897619047619;5798;793158.78830225;940466.822404583;47.99999999999999;48.0;49270.927765;49270.927765;27.666666666666664;28;33181.953224481;33181.953224481;342.5;348;52319.690280884;52700.766028884;3659.422222222222;3667;683741.010015264;683802.716951264;2.0;2.0;930.631151;1067.073395;17.0;17.0;8723.626857242001;9596.797121093;172.35714285714286;173;22328.985559217;25708.306830673;1180.6666666666667;1182;178304.452693973;203757.561435172
2022-03-07;;;;;56.66666666666666;58;33805.284638575;39808.82884856301;2.511111111111111;4.0;460.039384553;532.4893835529999;6023.383333333333;6030;861529.309148621;1022672.34903258;60.0;60.0;54755.306014;54755.306014;20.33333333333333;21;20136.870171;20136.870171;217.5;226;38962.41079;39283.555604;3525.375;3533;674907.70859359;675076.11507759;1.0;1.0;320.183486;320.183486;9.999999999999998;10.0;10438.024876974;11669.758881305;196.44444444444443;197;30456.965378;35575.406206;1169.2190476190476;1173;190733.445510221;217784.387083648
2022-03-14;;;;;54.0;54;25318.271958389;29775.570300818;10.733333333333333;13.0;1982.049853451;1992.563871451;6444.598412698412;6451;936708.650223232;1113210.66487578;42.99999999999999;43.0;46331.519576;46331.519576;34.0;34;38925.690169;38925.690169;264.0;269;50715.931876713;50869.819266713;3854.344444444445;3858;791482.713222679;791482.713222679;2.0;2.0;516.300367;603.6231419999999;8.0;8.0;4378.767328711;5047.872891317;158.0;159;19452.413331138;22607.434822634;1309.9166666666667;1314;213084.808110635;244278.260314505
2022-03-21;1.0;1.0;2277.423162;2550.708162;51.0;51;40693.120753944;47955.633689339;11.999999999999998;12.0;2119.787533;2340.647532;6385.721031746031;6391;990277.178568274;1177599.772878646;25.538461538461537;27.0;25043.689093;25043.689093;26.0;26;30106.650380309;30106.650380309;392.0;404;80755.444402648;81115.97645564801;3452.047619047619;3457;709296.733395549;709496.298748549;;;;;13.0;13.0;10222.398309;11832.175233;158.0;158;19190.814221;22077.819074;1367.6666666666667;1371;202950.450592925;233235.651388822
2022-03-28;2.0;2.0;1918.34776;2293.302753;58.0;58;30000.839633813;35144.708982783;7.1999999999999975;8.0;2722.454345;2969.208062;6929.187719298246;6935;1114390.263999541;1323211.498555365;1.0;1.0;699.2452880000001;699.2452880000001;19.0;19;20035.44479602;20035.44479602;332.5333333333333;346;63920.898204735;64396.979136735;3612.962626262626;3622;776680.930886851;776871.512353851;;;;;22.0;22.0;17440.546306193;19633.972948579;166.0;166;21621.115143;25012.390963;1392.587351778656;1397;207369.228230202;237181.522911848
2022-04-04;;;;;79.66666666666666;80;61004.598819432;71588.451668351;7.999999999999998;8.0;2042.714365;2084.911392;7019.095238095238;7033;1196010.357974029;1418188.078765415;3.0333333333333314;4.0;4687.106217;4687.106217;30.0;30;29007.303488145;29007.303488145;386.23333333333335;399;84085.852700206;84966.196671206;3678.0;3682;840343.635814494;840357.448897494;;;;;14.999999999999998;15.0;15100.161853529;16160.727247305;169.0;170;23905.193157616;27737.493234324;1515.05;1519;245180.584225438;280347.235165823
2022-04-11;;;;;75.33333333333333;76;43944.147772841;51323.572887024;10.0;10.0;2594.6679086110003;2733.45133915;6304.294444444445;6313;1051371.291357854;1246711.845051836;0.5333333333333328;1.0;1480.88066;1480.88066;18.0;18;17176.343218689002;17176.343218689002;257.2444444444444;269;67985.760754077;68478.749395077;3019.8166666666666;3022;689797.868282675;689851.510953675;;;;;8.0;8.0;4652.061969178;5012.819487551;105.5;106;13114.60438272;15122.668638617;1371.3666666666666;1373;223288.02250005;256268.426484837
2022-04-18;;;;;59.0;59;47163.512048584;55892.186513434;8.904761904761905;10.0;1434.75363;1499.230872;5874.30873015873;5887;933171.659796719;1105871.546920437;1.0;1.0;0.0;0.0;19.0;19;17234.319092910002;17234.319092910002;270.4;280;49243.553197638;50127.861252638;3386.428571428572;3391;775015.314260284;775059.637193284;;;;;10.0;10.0;10126.510442359;11672.676754456;207.0;207;26743.089508846;30470.251777284;1387.1666666666667;1388;227326.248734418;261285.232188416
2022-04-25;;;;;55.0;55;48048.900688043;56516.357191926;5.0;5.0;1229.6106180000002;1328.414695;6319.961111111111;6327;1056336.057230134;1251915.371968533;;;;;15.999999999999998;16;19384.629667666;19384.629667666;419.5833333333333;443;158693.372528117;165234.599309117;3534.7166666666667;3538;767166.434579474;767208.347577474;;;;;1.0;1.0;2779.090899;2779.090899;223.6;225;31255.338796391;36079.549148881;1385.5454545454545;1386;234771.08438678;270234.28797487
2022-05-02;;;;;51.0;51;32702.166779903;38342.40783242;2.1;5.0;1512.772985;1678.758028;6337.204761904762;6349;1093006.014491093;1294266.714433383;1.0;1.0;89.567419;89.567419;17.0;17;7776.43717744;7776.43717744;362.4863636363637;380;70581.617042176;71421.497756176;3554.956565656565;3560;853098.578728824;853177.851451824;;;;;10.0;10.0;10666.081436;12301.857242;197.5;198;33502.306715618;38362.995989648;1405.25;1408;243111.293471112;280070.553223433
2022-05-09;;;;;57.0;57;43769.09678051;52032.438059056;5.0;5.0;903.035068;978.240671;6253.539743589743;6259;1075521.78075868;1278618.100448502;0.5;1.0;660.3773580000001;660.3773580000001;22.0;22;18530.157691317;18530.157691317;349.2939393939394;369;65277.050435198;65974.810260198;3479.747619047619;3485;854270.150955765;854675.749050765;;;;;12.0;12.0;12118.222162327;13723.791894687;217.04545454545453;219;33018.924020631;37712.939940681;1353.5833333333333;1357;272559.349878849;313402.347493601
2022-05-16;;;;;71.0;71;53965.291597116;63300.015274599;8.0;8.0;1986.447094;2124.153139;6894.666666666666;6907;1184104.904335317;1404852.853138119;;;;;31.0;31;39263.375281889;39263.375281889;391.97435897435895;423;77709.626202331;78507.636742331;3244.083333333333;3251;716766.751243736;716827.396696736;1.0;1.0;233.735681;274.094171;17.285714285714285;18.0;16325.917329346;18279.623704094;209.5;210;34152.811592777;39363.736743968;1419.1666666666663;1420;268747.9051584;311539.832076755
2022-05-23;1.0;1.0;1122.751833;1342.201833;97.0;97;75675.025943682;89678.027569442;13.4;14.0;1898.179878;2058.253378;6463.966666666666;6470;1079046.146434065;1280079.920274137;;;;;23.0;23;28353.672535119;28353.672535119;320.54545454545456;330;70295.251399;70692.896186;3108.288095238095;3113;736897.442337028;736988.7483340281;;;;;15.0;15.0;13515.974471;15509.248872011;172.1;174;25718.759360765;29909.730924604;1367.5;1368;259593.379904968;299929.357096496
2022-05-30;1.0;1.0;2345.456149;2345.456149;41.0;41;31839.912337599;37442.451494353;98.0;98.0;11884.660127621;13293.875801267;5595.853378505552;5610;908472.065138382;1074620.852275456;1.5;2.0;215.0943350000001;215.0943350000001;18.9;19;33576.143991248;33576.143991248;416.359126984127;452;100922.190656181;101780.882773415;3389.8238095238094;3398;792944.356657165;793017.186411165;;;;;10.0;10.0;7488.46863445;8901.453333697;168.5;169;27766.766784879;32125.347445844;1350.75;1351;222959.179984885;256841.079836726
2022-06-06;;;;;44.2;45;40979.233802476;47913.283496007;130.22222222222223;131.0;25574.159069;27756.60693;6318.349999999999;6330;970658.136048112;1149191.254265064;1.0;1.0;1699.915901;1699.915901;12.0;12;12166.175645046;12166.175645046;275.55;284;44299.298065383;44562.540583383;3088.353221288515;3095;712284.049162812;712448.164151812;1.0;1.0;293.682206;344.590404;12.999999999999998;13.0;10410.050607365;11845.986884967;190.0;190;32188.187423294;37032.017670329;1263.1666666666667;1265;241748.640536847;277413.679518585
2022-06-13;;;;;67.0;67;49504.615648273;58300.30975121;6.999999999999998;7.0;2468.940648;2707.321382;5465.216666666666;5478;864439.440737086;1022417.750490578;;;;;6.0;6;7506.741913697;7506.741913697;244.4;252;36289.692436229;36460.037732229;2684.5166666666664;2690;631134.478096191;631143.814543191;3.0;3.0;1198.049817;1405.591717;4.999999999999999;5.0;6792.391157999999;7665.677431;226.16666666666663;228;30993.490391849;35826.891818703;1330.5;1331;257264.043029029;297258.237143323
2022-06-20;2.0;2.0;1977.169232;2113.407761;53.99999999999999;54;42015.412638301;49870.128108322;7.333333333333333;8.0;1141.695469;1227.242198;5873.917460317461;5887;993888.621666496;1176777.658747033;1.4999999999999998;2.0;2014.893386;2014.893386;9.0;9;9682.219411;9682.219411;321.3047619047619;375;98223.229901161;98395.671690161;2500.083333333333;2504;570307.798526469;570307.798526469;;;;;12.0;12.0;9302.548857942;10346.094465802;202.66666666666663;203;32360.554845287;36956.535424448;1277.1666666666667;1281;221499.470352182;254524.952514884
2022-06-27;;;;;25.0;25;20702.767180763;24476.414332229;11.0;11.0;722.593264;794.2110210000001;6083.179110105581;6093;972378.026894059;1148582.332311894;2.499999999999999;3.0;1508.640721;1508.640721;11.0;11;9422.189377772;9422.189377772;254.46666666666667;268;47531.379537181;47871.093462181;2927.035714285714;2935;653251.479763975;653431.382510975;;;;;8.0;8.0;7361.084359308001;8522.414107901;179.66666666666666;180;26674.756332188;30651.050159278;1282.0;1283;207688.062717957;239625.679814305
2022-07-04;;;;;37.0;37;28721.155497;33810.197678;7.399999999999999;8.0;1022.891387;1022.891387;6176.455882352941;6191;1048039.254601715;1240679.078272201;;;;;8.0;8;6661.33905889;6661.33905889;353.78846153846155;363;63182.147553;63676.038036;2848.887878787879;2853;695149.587896559;695267.936516559;0.9999999999999996;1.0;942.166687;942.166687;9.0;9.0;16323.650783;18693.666904;197.5;201;31801.654228744;36206.409745579;1273.9;1275;236205.725478703;270457.379186397
2022-07-11;;;;;30.0;30;22366.773821888;26487.361723223;10.2;11.0;920.532411;955.566991;5847.611111111111;5854;979691.398583213;1158026.513365284;0.5;1.0;588.679245;588.679245;13.0;13;12165.620770203;12165.620770203;323.7;329;65709.249688697;66697.02381869701;2886.342857142857;2894;658589.779430156;658642.102925156;;;;;6.999999999999999;7.0;4156.369344;4764.2648420000005;194.7333333333333;197;34507.303441342;39708.508958098;1282.0;1282;211615.397233034;242937.928761953
2022-07-18;;;;;39.0;39;22171.788983;26008.184762;15.5;16.0;2254.423461;2483.456435;6013.034967320261;6026;1002714.044477248;1185403.149039166;;;;;17.0;17;20424.868454;20538.547696;412.3333333333333;425;96778.883201359;97224.843365359;2666.8571428571427;2669;617133.762537478;617178.156065478;2.0;2.0;2481.014054;2661.029711;11.999999999999998;12.0;9013.571699;10455.681829;194.2;195;38438.501488801;43910.102885071;1318.3416666666667;1321;232673.308152441;267477.715363089
2022-07-25;;;;;32.0;32;19857.80772;23296.587226;8.0;8.0;969.704664;1094.547943;6336.628571428571;6345;1064178.482162853;1258094.739211533;0.9999999999999996;1.0;879.357798;977.064213;11.0;11;8787.07911;8787.07911;327.05555555555554;339;78863.32339267;79594.32932267;2874.6262987012988;2886;711718.471167686;711718.471167686;;;;;11.0;11.0;8004.110706747;9063.423716202;174.5;175;27614.085211372;31653.047476039;1373.8333333333333;1374;240423.160217217;276333.913957018
2022-08-01;;;;;44.5;45;27958.870614265;32890.074224329;4.0;4.0;874.531848;900.201845;6397.866666666667;6404;1105909.430353503;1307341.890885218;;;;;18.0;18;13524.538444646;13524.538444646;327.47814407814406;362;112735.061188777;117442.445927777;2801.9380952380952;2806;683843.790597757;683843.790597757;;;;;9.0;9.0;5830.050209999999;6545.476068;183.0;183;27866.272009925;32139.05664545;1327.2166666666667;1328;232764.518485866;267968.060252588
2022-08-08;;;;;34.5;35;26809.611074217;31446.481491084;5.25;6.0;1458.480827;1693.602928;6307.532967032967;6316;1063116.63536943;1257635.802619988;;;;;24.0;24;29863.030753863;29863.030753863;300.8024132730015;313;69567.048530698;70670.558076698;2784.855128205128;2790;654219.600465243;654219.600465243;;;;;6.0;6.0;5403.254335133;5700.474011204;174.83333333333334;176;28103.336279281;32154.156854079;1382.1666666666663;1384;255550.870311438;297402.512524797
2022-08-15;0.2222222222222222;1.0;87.249678658;87.249678658;33.0;33;15867.006519389;18746.312854663;9.733333333333333;11.0;1403.346618;1476.978396;6149.518253968254;6156;1081756.381477169;1280021.709001936;;;;;19.0;19;17506.149989845;17587.881986845;307.1787878787879;319;74971.94770656;75614.56288856;2869.7166666666667;2874;686446.450253122;686446.450253122;;;;;11.0;11.0;13865.688336482;15775.173502928;161.33333333333334;162;22516.397881083;25469.571757846;1360.5333333333333;1364;263490.070314375;304592.863294051
2022-08-22;2.0;2.0;1244.0059620000002;1487.155962;32.0;32;21259.102024033;24961.45170597;11.0;11.0;1989.113593;2166.521758;6067.575708061002;6078;991380.736448647;1172376.094981932;;;;;12.999999999999998;13;16816.732050423998;16816.732050423998;329.12857142857143;339;61937.349144137;63270.060219137;2822.318975468976;2828;646647.362743958;646736.055341958;;;;;9.0;9.0;8073.006748855;9112.152525377;197.0;198;30631.735140129;34969.658208334;1343.75;1346;263705.691204418;303978.605520953
2022-08-29;;;;;26.0;26;18425.030846915;21873.093254459;10.04910714285714;11.0;3743.344578702;3889.714572702;5874.076767676767;5893;988986.938078617;1168653.374589495;1.0;1.0;586.238532;651.376142;24.0;24;28514.193516;28514.193516;382.03809523809525;396;95955.437433674;97645.386915529;2671.3;2675;639200.829728308;639234.909615308;1.0;1.0;503.538651;594.283398;11.0;11.0;9345.598957706;10478.167787706;182.1190476190476;185;36243.657918;41481.955635;1263.8333333333333;1265;255783.213743158;295740.886864495
2022-09-05;;;;;31.0;31;23143.070392273;27135.220294105;3.6666666666666665;5.0;318.038838;342.744442;6236.140852130326;6246;1068165.226698688;1264562.369256988;1.0;1.0;0.0;0.0;18.0;18;15817.072192;15817.072192;375.8333333333333;404;81375.744774502;82771.061187502;2851.8142857142857;2861;704324.983537236;704426.157354236;5.0;5.0;1716.120287;2029.957846;6.0;6.0;4059.469568;4726.565812;172.72222222222223;174;33371.841040306;38341.042201443;1454.0666666666666;1457;293092.683185147;338042.100835854
2022-09-12;;;;;43.0;43;24266.928176605;28705.189516778;9.555555555555554;10.0;2883.260802;3096.307309;5775.435714285714;5783;1021137.180208826;1206890.855986235;;;;;11.999999999999998;12;17654.425871061;17654.425871061;456.88055555555553;469;96617.390555357;98908.791214357;2718.5333333333333;2731;661422.90841186;661516.80501686;;;;;11.0;11.0;9540.786417;10674.378819;186.0;187;33375.377263315;37977.254302378;1353.8333333333333;1355;255978.489466979;295597.228798297
2022-09-19;;;;;32.0;32;30063.245853225;33815.044769383;12.499999999999998;13.0;936.754921;981.522211;5487.587301587301;5510;916177.858652156;1082712.067709866;1.0;1.0;31.54397;31.54397;23.0;23;20751.618496311;20751.618496311;453.76666666666665;468;76318.99159273;78365.35027573;2699.2849206349206;2711;653490.780290115;653530.500382115;1.0;1.0;503.900277;593.7382749999999;7.999999999999999;8.0;8059.850735;9444.165629;166.0;167;29254.964396611;33664.839961003;1316.4333333333334;1318;247884.747403049;286960.445212138
2022-09-26;;;;;52.0;52;19971.486268603;23765.465501765;8.0;8.0;211.43461700000003;222.739616;5830.238888888889;5840;942273.689920065;1112614.51671841;;;;;16.999999999999996;17;15610.28301084;15610.28301084;371.9863858363858;390;79065.274601653;80143.395898653;2428.083333333333;2431;600127.247010969;600135.257919969;;;;;8.0;8.0;3372.3346440000005;3763.483931;193.16666666666663;194;31625.375547831;36573.775818091;1258.5;1259;234409.839977472;270172.238781889
2022-10-03;;;;;48.0;48;27763.656791735;32845.946922431;6.5;7.0;2100.23668;2177.535745;5338.133333333333;5353;895881.533066302;1058284.7477026691;;;;;24.0;24;14565.167339;14656.910459;328.6369047619048;373;62436.747322786;63593.514690786;2503.2285714285717;2514;578814.446429866;578814.446429866;1.0;1.0;135.60415;162.264149;15.999999999999998;16.0;9809.126480245;10950.890067245;188.8095238095238;190;29016.90560752;33404.169792861;1260.5;1261;239143.056316701;275423.880176084
2022-10-10;;;;;54.0;54;30485.182944187;35775.332021864;29.999999999999996;30.0;2726.89585;2999.380511;6112.523809523809;6125;1025883.468997766;1210768.463245907;;;;;34.0;34;43849.120295726;43849.120295726;400.40811688311686;428;101884.577380884;102200.388391884;3153.161111111111;3159;676994.478111335;677184.586011335;;;;;12.0;12.0;8921.530063574;9668.792104574;235.5;239;44172.140645767;50298.685364987;1518.0238095238094;1520;272979.068559663;315164.958947275
2022-10-17;;;;;61.0;61;25067.208333202;29507.558041744;10.333333333333332;11.0;1501.283485;1659.769299;5633.211904761904;5655;918720.813084088;1083790.561789848;;;;;25.0;25;30541.95668982;30541.95668982;392.4242063492063;430;89872.531710475;90369.056278475;2764.288095238095;2777;649372.335518742;649579.350950742;;;;;14.0;14.0;6856.691810891;7675.980640716;217.88888888888889;219;29980.896714353;33782.039773203;1370.25;1372;235343.399394044;271380.988406984
2022-10-24;;;;;44.0;44;21716.105651353;26043.80841706;30.066666666666663;32.0;4479.929157;4963.090091;8607.668686868687;8620;1231334.612721189;1452186.293535425;;;;;31.0;31;19640.478264104;19640.478264104;412.5597402597402;432;80092.629648063;80577.803855063;3376.642857142857;3381;673584.758629345;674052.898794345;;;;;20.0;20.0;13640.08219004;15356.294905823;212.25;213;30936.678764374;34993.037977966;1639.6153846153843;1645;283080.964343468;325232.22125032
2022-10-31;;;;;48.0;48;28565.476688119;33736.244357811;13.122222222222222;16.0;2006.533235;2180.387618;7391.08608058608;7410;962071.013114088;1134078.793565905;;;;;24.0;24;22546.649486243;22546.649486243;440.1452380952381;456;86709.5193172;87261.576028465;3078.737121212121;3089;620575.316244676;620594.081244676;;;;;8.0;8.0;5001.656325;5823.900291;196.47619047619048;199;30641.801299297;34623.750440148;1451.4095238095238;1454;220752.304720448;255487.198779327
2022-11-07;;;;;38.0;38;20506.405617255;24177.48820731;7.2;8.0;1520.798922375;1762.172132375;6975.488095238095;6991;932997.026691721;1099500.472900834;;;;;7.0;7;4351.542232131;4351.542232131;376.7590964590965;402;74922.619284521;75451.164081521;3324.5;3330;641526.488212321;641643.6902727929;4.0;4.0;922.455764;1088.070563;15.0;15.0;10085.518538862;11394.743211767;220.5;221;31566.507216857;35600.325077484;1485.0142857142855;1486;236213.212919539;271401.59346
2022-11-14;;;;;41.0;41;29245.444416619;34242.454320044;8.952380952380953;11.0;1022.84477;1103.475606;6538.35101010101;6548;894059.537328563;1054587.30384333;;;;;23.0;23;19965.43030309;19965.43030309;415.9919913419913;432;91744.735726667;92053.361888667;3059.038095238095;3068;608897.24627483;608897.24627483;2.0;2.0;336.517804;394.009473;8.0;8.0;8217.995499271;9525.805116366;195.83333333333331;197;27289.488358393;30440.488901505;1449.1676767676768;1451;203769.60416875;232600.844954254
2022-11-21;1.0;1.0;2388.245856;2855.045856;45.57142857142857;46;23774.194702866;28020.19415409;3.5384615384615383;4.0;1034.173634;1078.781109;6129.066666666667;6142;818432.292959872;964965.256163314;;;;;16.266666666666666;17;10536.791785066;10760.678575066;333.07878787878786;348;71490.537849613;72317.802945498;2979.9089466089467;2989;591743.867461164;591743.867461164;1.0;1.0;130.377786;152.11287900000002;13.0;13.0;11994.543145749;13653.397204412;206.0;209;24008.989458814;26917.932116088;1594.1582417582415;1598;230984.330929771;265225.313550488
2022-11-28;;;;;37.0;37;22089.684025009;26101.861515685;10.928571428571429;12.0;2165.722639;2356.700232;5461.646296296296;5474;797533.817713466;940258.493319884;;;;;24.0;24;21611.572937816;21611.572937816;416.8833333333333;429;89808.921142878;90817.345271878;2862.5166666666664;2867;578051.538890701;578350.302251701;;;;;9.0;9.0;5154.784452053;5353.623315053;189.5;190;23906.288102341;26749.464529282;1470.4214285714286;1473;199187.653839424;228633.540579943
2022-12-05;;;;;40.0;40;19265.134709469;22763.381621592;7.999999999999999;8.0;1095.092535832;1136.470732832;5694.697402597402;5702;781464.448955583;919414.024938447;1.0;1.0;405.327422;405.327422;31.0;31;36027.980296858;36027.980296858;397.167032967033;411;87178.196957894;88437.375415894;2631.333333333333;2642;535737.735222828;536928.236284828;;;;;10.0;10.0;5999.422957363;6495.634111514;181.7142857142857;183;20215.418284;22480.14595;1363.8333333333333;1366;204816.176348388;233731.156528868
2022-12-12;;;;;26.0;26;12973.310665627;15008.462401101;6.333333333333333;8.0;1096.9878689999998;1147.381257;5357.822222222222;5372;716362.267941003;842739.227944718;1.0;1.0;258.97162676;258.97162676;12.0;12;21925.758402789;21925.758402789;260.93939393939394;279;68461.59040043;69301.55864443;2175.1388888888887;2180;430921.757061714;430930.168276714;;;;;2.0;2.0;733.89352006;862.120520091;159.5;160;22982.973279422;26142.771811657;1341.4666666666667;1346;177130.038367603;203660.915335604
2022-12-19;;;;;29.0;29;18105.221338782;20986.828763666;2.714285714285714;4.0;96.229089;96.229089;5103.653113553113;5111;675105.789349272;793615.755371397;;;;;13.0;13;5625.871447685;5625.871447685;388.8333333333333;401;114895.910203666;116583.244755666;2089.1285714285714;2097;418995.073593634;419008.789288527;1.0;1.0;329.42719;390.760687;10.0;10.0;8564.401414;10067.338061;133.5;134;18084.487197865;20338.820949022;1115.5;1116;162077.96122400402;186370.806883316
2022-12-26;;;;;42.0;42;34293.252190083;40417.790809947;5.0;5.0;1169.680006364;1210.710519364;5034.266666666666;5040;759358.077883642;892085.277655353;;;;;17.0;17;18631.426200276;18631.426200276;264.96666666666664;272;45563.84181148;46294.55840848;2144.9166666666665;2147;500300.018983694;500360.908366694;;;;;9.0;9.0;7639.673583533;8860.407616325;44.99999999999999;47;7620.410058275;8558.702774922;1173.42;1175;203449.309634187;232915.823707261
2023-01-02;1.0;1.0;1159.588523;1386.238523;52.0;52;32072.107064135;37489.827846127;14.999999999999984;15.0;4255.703004;4444.873559;6762.571428571428;6770;1034231.764841938;1216408.628012733;0.4999999999999998;1.0;522.93578;522.93578;33.0;33;25072.688897383;25072.688897383;355.91666666666663;374;84538.237054828;85899.111722828;3113.860073260073;3119;680379.401228578;680523.551227578;1.0;1.0;322.966512;386.462259;8.0;8.0;3668.924122967;3977.960711693;240.5;242;39157.692442518;43615.995903661;1452.6;1453;231722.198328386;265783.507966604
2023-01-09;;;;;56.66666666666666;57;32786.884252735;38397.207076381;9.833333333333332;12.0;1609.14175395;1741.18195949;7159.480735930736;7178;1019723.10901887;1197721.955910608;;;;;26.25;27;18791.731532;18791.731532;606.8063492063492;635;161018.45642999;164201.40915299;3645.405128205128;3655;813166.832237474;813788.759568282;2.0;2.0;451.062755;539.464253;10.999999999999998;11.0;5925.364093408;6607.711662668;447.5;448;67302.03628435801;74360.959992474;1603.6454545454544;1605;253818.537090963;293702.06135846
2023-01-16;;;;;41.0;41;30696.538703408;35761.39363616;6.0;7.0;733.473223;796.518409;6613.830952380952;6626;1004022.126709741;1181693.348465925;1.4285714285714282;4.0;1070.05659;1070.05659;40.0;40;38876.126918;38876.126918;585.874358974359;628;114673.938354542;118979.598673305;3397.970695970696;3414;721681.604039903;721855.902320903;;;;;14.999999999999996;15.0;13756.130761;14709.930277;399.1666666666666;402;67878.629429461;77101.278594791;1517.8;1518;259875.194976518;299525.055179586
2023-01-23;1.0;1.0;1777.76147;2020.18348;57.66666666666666;58;42356.54151373;48866.555405547;7.0;7.0;1088.50263171;1124.77627471;6620.777777777777;6634;1009454.188063422;1187245.210844716;1.0;1.0;103.021934;103.021934;34.33333333333333;35;33633.181481823;33633.181481823;565.0444364277697;615;163423.045651846;165662.330834846;3225.214285714286;3229;684737.779230288;684737.779230288;;;;;15.999999999999998;16.0;10464.065568158;11349.281820409;340.8333333333333;342;50267.833963498;56584.880848805;1663.9555555555555;1665;265827.291886999;304847.448571894
2023-01-30;1.0;1.0;1528.038984;1811.009166;62.0;62;38171.808387048;44380.553861908;17.333333333333332;18.0;3025.154000284;3232.357180804;6299.440476190476;6315;953618.046949909;1119613.778585443;;;;;23.0;23;30158.973579272;30158.973579272;607.9644430079724;661;174747.417252501;179253.864275299;3428.25;3440;737581.628505166;738068.514045401;1.0;1.0;192.479358;221.605504;15.0;15.0;9416.236285121;10573.819401993;367.5;368;48253.177599783;54483.68250194;1650.4642857142858;1651;277824.6055034;318552.805834635
2023-02-06;;;;;52.0;52;30151.464538602;35522.508981392;10.0;10.0;3046.311584416;3056.391584416;6465.57518037518;6488;999540.128710582;1177095.801517371;2.0;2.0;169.811316;169.811316;35.0;35;34116.080905;34116.080905;524.0406926406927;557;139218.081407307;140718.536063307;3430.883333333333;3441;771321.727772846;771931.563089846;1.0;1.0;117.183963;138.679243;8.88888888888889;9.0;6067.268128;6634.296502;395.2;398;61491.211187538;68378.180315665;1551.3333333333333;1552;277409.573029641;318721.703943417
2023-02-13;;;;;50.0;50;30159.362928984;35182.452838849;6.166666666666666;7.0;993.353298666;1019.428064666;6382.708259333259;6392;971390.044923736;1142228.877034904;;;;;30.0;30;24146.122609315;24146.122609315;699.1813186813187;723;160758.116740876;161864.224077876;3143.95;3150;680056.197056394;680056.197056394;1.0;1.0;327.970451;386.49026;16.0;16.0;12888.393888879;14127.512226137;422.94444444444446;424;59622.57702929501;66914.590308586;1623.0;1625;253266.332437579;292245.334839898
2023-02-20;;;;;58.0;58;49854.778000517;57239.581737244;7.999999999999999;8.0;1814.919831;1869.033126;6359.478571428572;6367;982699.968249398;1157402.066701525;1.4999999999999998;2.0;1162.26415;1162.26415;31.0625;32;25130.787161364;25130.787161364;720.7777777777777;739;172962.571030242;174937.521584304;3212.823975044563;3218;718899.704980658;718918.309780658;;;;;14.0;14.0;8771.347188744;9286.511178744;390.57142857142856;392;66571.52070621;74937.173717725;1651.1666666666663;1652;302095.503347179;343165.243179337
2023-02-27;;;;;73.0;73;53891.858722752;62703.47974514;23.0;23.0;6653.289111;7146.847033;6835.563492063492;6845;1154435.513115643;1359274.214237841;1.0;2.0;990.566033;990.566033;26.0;26;38683.094128262;40169.434105262;539.6015873015873;568;104856.715557958;105843.242442958;3343.153174603174;3354;766470.51244973;766585.00675173;;;;;12.0;12.0;17217.92428256;18649.512922274;346.0;348;52043.80327234;59466.35437112;1755.3166666666666;1758;306606.592765792;349656.977098367
2023-03-06;;;;;76.71428571428571;77;60573.276009042;70726.697725395;21.0;21.0;4650.5371780000005;5060.1003;7404.298484848485;7426;1199953.329613917;1413871.98284673;6.0;7.0;1870.844868;1870.844868;42.0;42;37076.03653282301;37307.70828985;538.2435897435897;555;119308.041721313;120621.632803447;3362.3;3370;807604.156190028;807838.238420028;;;;;16.0;16.0;14126.745775513;15642.65189129;344.5;346;51082.26059983301;57633.827664957;1858.595238095238;1860;310404.398567974;355458.278610094
2023-03-13;;;;;47.0;47;41043.130861002;47800.948307351;9.5;10.0;1406.641957;1488.392417;7233.909002109002;7247;1150847.686421721;1355932.213532562;0.9999999999999996;1.0;2550.003787;2550.003787;28.0;28;26068.454026639003;26068.454026639003;719.2714285714286;754;165201.794296549;167249.127746718;3163.5333333333333;3167;729944.724916391;729944.724916391;;;;;17.0;17.0;14981.765390418;17089.008980802;352.45238095238096;356;52690.548681869;59532.674093929;1681.3333333333333;1682;283624.774443352;326684.787195662
2023-03-20;1.0;1.0;3020.577526;3333.027526;46.0;46;40669.12706686;48179.819299505;9.333333333333332;10.0;1296.475288;1368.119442;6889.805555555556;6900;1164138.67488453;1370531.012330222;1.071428571428571;2.0;509.433956;509.433956;34.5;35;33676.985293002;33676.985293002;692.3714285714285;736;127360.602506556;132106.169655556;3240.3954545454544;3253;762089.060195452;762131.614554452;;;;;13.999999999999998;14.0;13429.453551179;14163.694690179;313.6666666666667;315;48478.74725838701;55149.250461685;1871.7333333333331;1874;329841.886076304;380428.163616168
2023-03-27;;;;;54.0;54;45238.946072405;53109.77620719101;11.0;11.0;1185.810305;1389.316292;6591.205837173579;6603;1152069.713359914;1356696.8071075531;1.472222222222222;3.0;1083.552592;1083.552592;24.0;24;29796.238726302;29796.238726302;415.3222222222222;444;83181.180950084;85661.50998553;3211.7666666666664;3218;798593.303251019;798629.080309019;;;;;17.0;17.0;15879.008285813;17623.716496891;275.45454545454544;278;43647.938511906;49377.347215147;1696.661904761905;1699;316725.922577418;361910.276461634
2023-04-03;0.4285714285714284;1.0;45.960142;45.960142;57.0;57;48447.466414891;56069.421435616;40.0;41.0;5519.473271;6084.942964;5798.083513708513;5826;971567.112025711;1144080.535109308;0.9999999999999996;1.0;1172.386222;1172.386222;34.99999999999999;35;41344.63880635;41344.63880635;505.4214285714286;536;134173.179875912;137584.784496505;2758.2761904761905;2769;658886.580973783;658979.760443606;;;;;19.0;19.0;22959.30778;26173.677836;247.5;249;39641.620761362;45263.343459367;1440.3333333333333;1441;249333.609729361;285755.502327093
2023-04-10;;;;;48.0;48;35530.910969763;41676.767043454;18.5;19.0;1878.02992;2188.526492;6247.406349206349;6258;1062975.602900329;1251666.414455458;19.0;19.0;13363.856094;13363.856094;26.33333333333333;27;27974.130715335;27974.130715335;450.3861111111111;471;90655.671429539;92126.091597539;3023.6464285714287;3034;741390.456088441;741700.544445441;1.0;1.0;383.696676;459.132075;6.0;6.0;4653.951335547;5228.711257676;293.5;296;45437.574943274;50779.590069105;1636.35;1638;306640.836638072;351924.538085462
2023-04-17;;;;;48.0;48;42415.775953472;49566.68159762;4.5;5.0;655.7853950000001;695.6966090000001;5974.842857142857;5987;1058587.40059953;1248246.357050848;5.0;5.0;2629.098014;2629.098014;26.0;26;43699.005036516;43699.005036516;712.414652014652;744;140559.611665122;144473.007904122;3043.1833333333334;3051;735427.987083341;736311.392849341;1.0;1.0;546.595109;654.056604;9.0;9.0;11381.484652;12979.547788;376.3333333333333;378;63890.281345137;71854.596717674;1313.5454545454545;1314;240746.997885744;276050.863563169
2023-04-24;;;;;36.771428571428565;38;45370.101714724;52769.23974965;12.999999999999998;13.0;3613.518827;3782.268492;6303.367243867244;6318;1073771.908857816;1265885.690238951;0.3928571428571428;2.0;1559.633025;1559.633025;23.0;23;19651.826353975;19651.826353975;603.7212121212121;644;135720.154037297;140276.359111995;3140.461904761905;3149;776270.272971029;776355.026238029;;;;;13.0;13.0;14685.655258393;16250.544734393;332.75;335;42861.866343358;48237.553729638;1427.0;1427;287699.795985919;330001.615535041
2023-05-01;;;;;42.0;42;33309.667982959;38789.62414594;3.0;3.0;370.052987292;431.373365577;5706.157539682539;5718;1016714.251657319;1196282.086011267;;;;;32.0;32;38592.207378154;38592.207378154;513.7125541125541;550;95095.78015014;99515.37085714;2893.6650326797385;2902;742629.428606988;742658.574058988;1.0;1.0;287.853942;342.950239;14.0;14.0;14459.036009583;16002.159484583;336.75;339;58204.488220191;66915.929941584;1426.1666666666667;1428;302713.50020871003;342762.16708801
2023-05-08;;;;;33.8;34;24376.521323649;28330.721664018;7.999999999999999;8.0;2443.405895;2686.149198;5798.051082251082;5811;983998.965726826;1157285.742813374;2.5;3.0;3016.824325;3016.824325;29.0;29;33023.479406943;33023.479406943;577.9314935064934;624;138966.0263257;142444.08720870002;2803.047985347985;2811;685992.830503937;686127.390133937;1.0;1.0;328.115094;388.301886;12.0;12.0;18725.076521;21367.957655;307.6666666666667;309;46478.81524217;52857.138511765;1400.5;1401;290444.367113191;328122.868937604
2023-05-15;;;;;34.99999999999999;35;34146.457918951;40142.16295068;20.0;20.0;4137.156024;4287.900019;5857.60101010101;5872;1009610.078707548;1188859.678607203;2.0;2.0;913.908255;913.908255;29.0;29;32556.252073153;32574.270941153;467.55898268398266;487;120642.177715341;123714.572318992;2565.1880952380952;2574;635885.117318794;635885.117318794;2.0;2.0;738.6859790000001;881.9931260000001;15.0;15.0;13276.702713;14115.266947;256.3333333333333;260;42737.764284106;49493.511173526;1397.5584415584417;1402;282568.268186218;319197.390138941
2023-05-22;;;;;42.66666666666666;43;32299.319894406;37957.621209709;6.0;6.0;1411.489232;1583.737377;5530.166666666667;5537;922297.209797824;1085106.163948202;3.0;4.0;2813.20753;2813.20753;26.0;26;29192.20008267;29192.20008267;457.2893217893218;482;97465.746238237;99661.882146322;2906.8916666666664;2921;704457.165357219;704685.218282219;;;;;6.999999999999998;7.0;13164.734974;15386.117906;356.1428571428571;357;47134.827966021;53958.994227606;1501.7666666666669;1503;283623.898258401;321034.964826636
2023-05-29;;;;;39.0;39;32912.447615996;38552.406458405;8.249999999999998;9.0;5357.326096077;5408.933661201;5697.148412698412;5715;964490.332131112;1135208.733328264;0.9999999999999996;1.0;938.807337;1043.11926;15.999999999999998;16;23222.830464;23222.830464;377.19440836940834;398;73665.124334675;74847.869167504;2937.110317460317;2943;719842.013299443;719842.013299443;1.0;1.0;1039.600667;1242.7981650000002;7.0;7.0;7115.732169;8122.7392;349.22222222222223;354;55535.237998956;63573.182150139;1341.7666666666669;1345;255219.124290011;290827.302177611
2023-06-05;;;;;59.24999999999999;60;47937.44232693;56366.197346828;7.180555555555555;9.0;112.641561;112.641561;5964.412400793651;5973;942932.956891318;1108089.219650906;;;;;27.0;27;26572.719254803;26958.275855803004;356.2752164502164;380;90153.859381294;91742.390535558;2919.961111111111;2929;695833.83568947;695861.16499947;;;;;7.0;7.0;5657.204428;6563.988183;290.5;297;44514.306118539;50501.78563924;1293.5;1294;231745.66825145;266069.095124702
2023-06-12;;;;;34.0;34;35440.963688323;41324.029599461;5.0;5.0;1253.503056;1327.664397;6187.112121212121;6199;934811.794425017;1097867.694825182;;;;;22.0;22;35084.830708951;35084.830708951;428.99935515873017;463;87020.062264657;87793.234906657;2839.9599567099567;2857;651916.583796556;651952.549794556;;;;;9.0;9.0;10006.77265008;10987.647148745;376.8333333333333;383;57882.692043664;65588.486981656;1355.2119047619046;1358;268039.613294804;306195.084358005
2023-06-19;;;;;34.0;34;40919.637091315;47912.493527532;9.977011494252872;10.0;3378.676736;3479.611308;6592.879411764706;6603;1020992.496206617;1198913.705584093;1.0;2.0;1216.981132;1216.981132;21.0;21;30590.453272497;30590.453272497;391.9285714285714;417;111098.774017467;115024.362787467;2718.45;2727;604542.558173826;604686.333861826;;;;;4.0;4.0;1643.018468;1905.807862;299.3111111111112;303;39985.16597327;45098.67870092501;1505.0;1506;231183.189059492;264217.966310284
2023-06-26;;;;;33.0;33;23873.432842437;28145.74546333;7.333333333333333;8.0;692.550201;763.469085;7494.25;7497;1078757.040516952;1268332.527431799;0.5;1.0;608.490566;608.490566;24.0;24;32452.183733943;32452.183733943;462.425;481;116024.121667604;121147.303057604;3216.5;3237;705561.066226026;705637.385607026;1.0;1.0;556.166237;665.509432;11.0;11.0;9558.358922;11176.851607;357.3333333333333;360;49452.472548695;55958.800663159;1517.1666666666667;1518;254360.564574874;289474.142585496
2023-07-03;;;;;36.0;36;38853.117379854;45639.63795822;6.0;6.0;662.56422;662.56422;7228.4;7241;1020335.320934379;1201075.566875536;1.5;3.0;1847.422914;1847.422914;36.4;37;37145.239047816;37145.239047816;511.91547619047617;531;125335.732849807;128135.190458807;3181.5;3185;685005.177410349;685024.429910349;2.0;2.0;1262.242513;1307.902412;6.999999999999999;7.0;5908.497352;6531.040772;333.1049783549784;338;46778.580823133;53406.310813296;1759.25;1763;249047.832392808;286017.944006299
2023-07-10;;;;;27.666666666666664;28;26362.362571677;30820.865110677;5.0;5.0;225.596482;225.596482;7198.166666666667;7213;1016404.477438509;1195079.357381796;;;;;24.0;24;40593.560692935;40593.560692935;537.6555555555556;558;122360.963043495;124637.929150495;3098.407142857143;3105;685918.834487266;685918.834487266;1.625;2.0;740.500472;879.8206700000001;10.666666666666666;11.0;12276.690373156;13765.653904006;278.3333333333333;281;41109.503789171;46830.882184575;1559.1833333333334;1562;258738.294446329;295490.35620998
2023-07-17;0.1666666666666666;1.0;68.832291;68.832291;36.0;36;34299.074431574;39896.025392618;8.729166666666666;11.0;3929.515678;4327.473290999999;7859.823809523809;7867;1158686.666213837;1362518.878969771;;;;;34.0;34;44353.739329535;44353.739329535;432.4583333333333;450;92757.915652746;94927.240528746;3162.866666666667;3173;731673.289241058;731751.926421058;;;;;11.0;11.0;8482.096238581;9339.220600387;274.25;276;34489.080809123;38343.608402308;1485.3333333333333;1488;247763.355663736;281255.484143578
2023-07-24;;;;;59.0;59;55450.07536673;64404.281233186;4.499999999999999;5.0;2651.401651252;2651.401651252;7693.76746031746;7709;1086488.534946344;1277046.600954104;1.0;1.0;938.807337;1043.11926;35.0;35;37854.73470217;37854.73470217;498.8476190476191;522;169360.377387138;171576.450043138;3291.0;3293;713603.420274522;713612.693000522;;;;;11.0;11.0;6299.964986289;6895.809325577;244.0;245;33593.071900453;37607.077954543;1619.75;1621;289829.981879405;329312.672824066
2023-07-31;;;;;22.0;22;23007.454307772;26971.563037084;2.333333333333333;3.0;102.022017;113.357796;7159.0028571428575;7163;1104451.247124984;1298765.563958313;0.4999999999999998;1.0;405.660376;405.660376;32.99999999999999;33;43863.216629705;43863.216629705;382.1309523809524;404;88979.262311063;91559.235916101;3262.3547619047617;3266;741802.727618135;741802.727618135;;;;;20.0;20.0;23404.185303616;26387.97013242;277.5;278;37393.32293489;41969.432744889;1660.0416666666663;1662;291399.696103859;331699.819358579
2023-08-07;;;;;31.0;31;23166.070964218;27192.65827681;11.4;12.0;1502.270420582;1540.262026582;7075.024891774891;7083;1048134.169981358;1232686.639871223;0.5;1.0;608.490566;608.490566;47.99999999999999;48;48196.942611887;48196.942611887;351.3121212121212;363;76271.459285846;77355.180458846;3246.472222222222;3258;736802.180260871;737008.488102871;0.9999999999999984;1.0;1376.558968;1376.166773;26.0;26.0;24906.337887;26943.542271;301.0;301;52965.480908925;57493.84336676;1642.0;1642;273233.306612082;310624.907972847
2023-08-14;;;;;34.0;34;29268.553989874;34365.315834557;7.0;7.0;534.683758;555.901749;6622.8;6628;1003255.742513259;1179476.458092787;;;;;32.99999999999999;33;52776.139791;52776.139791;320.5333333333333;332;56051.695096592;57371.133708592;3301.504761904762;3311;663843.592177852;663865.969176852;2.999999999999999;3.0;2184.208954;2187.959212;27.0;27.0;24395.68706933;26281.36337033;273.8333333333333;276;37239.06649226;41903.01497928;1677.25;1678;275009.34987914603;314876.56079841
2023-08-21;;;;;22.0;22;18439.288367267;21324.912292489;5.625;6.0;906.40004;927.484368;6443.109920634921;6456;1010582.47274245;1189504.591502632;0.5;1.0;608.490566;608.490566;30.0;30;23681.237737033;23681.237737033;402.8333333333333;422;68854.533015;69805.265487;2958.7261904761904;2963;672029.527928969;674916.142542969;1.999999999999992;2.0;2067.246892;2067.246892;14.833333333333332;15.0;13588.707616319;14883.046996337;301.0;303;43831.551170522;49749.794332634;1668.6666666666667;1671;250073.140529836;283859.473365274
2023-08-28;;;;;32.0;32;21230.591604608;24777.84936827;0.4;1.0;14.454544;14.454544;6191.951587301587;6204;1020010.840572147;1199837.297598109;2.0;2.0;411.26706;411.26706;25.0;25;25695.816889035003;25695.816889035003;421.9540404040404;446;96187.888019594;97979.874358594;3120.190293040293;3132;740694.020863279;740933.899603279;2.0;2.0;1074.429341;1273.3563370000002;17.999999999999996;18.0;18366.849088782;20721.647411858;280.1666666666667;283;42404.192424451;47306.765692379;1738.7142857142858;1742;291799.611632136;331319.094819356
2023-09-04;1.0;1.0;9.636816;9.636816;35.0;35;27902.693382395;32791.574322426;2.4;3.0;406.264036;406.264036;6135.854761904762;6154;1084332.208833855;1277356.20128987;;;;;30.0;30;38664.511342386;38664.511342386;435.9603174603175;455;88285.853922804;89214.201717804;3067.277777777778;3076;743175.902254591;743423.640558591;4.0;4.0;1169.164865;1384.123486;13.0;13.0;11275.884484117;11960.070684117;316.1666666666667;319;50663.788962475;56676.446921237;1696.7857142857142;1703;318407.612372865;360704.294801442
2023-09-11;;;;;47.0;47;61107.835720557;70386.730620612;5.285714285714286;6.0;1727.5872060000002;1901.164811;6639.133333333333;6649;1187264.573223585;1397828.921832287;0.5;1.0;638.136583;638.136583;30.0;30;34125.554967793;34125.554967793;416.03253968253966;440;81371.63013110899;82433.758101109;2930.2869047619047;2939;708011.079359393;708335.453172393;2.0;2.0;610.393039;703.853981;12.0;12.0;9137.706856;10443.285089;298.6666666666667;303;48118.108084682;53469.529125436;1704.322222222222;1709;334085.207007019;379414.93541696
2023-09-18;;;;;49.46153846153846;50;37017.445877067;43351.492232796;3.399999999999999;4.0;630.440899;720.406657;8173.060317460317;8186;1354119.206275582;1595262.524240196;0.6000000000000001;1.0;424.47125;464.093885;33.0;33;35492.089908796;35492.089908796;458.72222222222223;483;93280.181821959;94318.132180959;3424.3454545454547;3436;758211.727961882;758485.577035882;3.999999999999998;4.0;9361.592795;9446.563791;22.0;22.0;17879.536077226;19936.325510226;270.0;273;40871.04562436;45858.795360181;1746.4166666666667;1748;323239.410632686;368293.473101242
2023-09-25;;;;;41.0;41;29710.132478997;34774.312372218;3.4;4.0;956.338134;1035.97261;8037.688095238095;8054;1293432.992691661;1521407.636136082;1.0;1.0;647.382573;647.382573;25.0;25;31042.506898587;31042.506898587;488.7619047619048;517;99816.963719838;101566.860018838;3314.366666666667;3325;740331.96979057;740336.239122647;3.0;3.0;1188.578466;1431.819713;12.0;12.0;11389.810433404;13124.484661631;339.97142857142853;347;63577.014963805;71197.969888273;1859.3333333333333;1861;400524.258070181;459088.885248427
2023-10-02;;;;;34.0;34;27665.273943624;32280.581423043;;;;;8421.166666666666;8441;1393222.818242039;1644717.323495365;;;;;37.5;38;44223.677746032;44223.677746032;460.04761904761904;483;109141.733604691;110268.616621691;3438.4944444444445;3450;779861.010751196;779861.010751196;0.9999999999999932;1.0;1720.486775;1720.486775;9.0;9.0;5348.128505;6499.020717;312.3333333333333;318;57503.752476916;64519.319323421;1870.0;1871;386822.111604276;445112.004252086
2023-10-09;;;;;46.0;46;28722.734363445;33711.665773253;5.0;5.0;2071.595795;2269.569284;9246.66369047619;9259;1491096.491275341;1759290.830497116;;;;;28.0;28;31117.935600745;31117.935600745;527.6833333333333;551;103190.565020559;105023.563983559;3958.9666666666662;3971;948285.464824659;948285.464824659;;;;;12.0;12.0;23650.058452;25666.803009;353.8666666666667;357;63848.829992561;71585.671053854;2042.950980392157;2046;376310.372373639;428986.918067928
2023-10-16;;;;;48.0;48;36343.723423342;42632.527726508;3.0;3.0;261.294521;271.66252;8700.77748917749;8718;1335360.355596488;1576918.480075961;3.1418831168831165;5.0;1694.168093;1746.998273;33.0;33;36681.443137093;36681.443137093;501.01666666666665;528;120257.639070554;122961.873973554;3658.5;3675;812116.194469286;812251.786766286;;;;;23.0;23.0;19067.541669157;20925.715937397;370.9166666666667;375;60781.929447853;68520.088744052;2026.3;2031;368137.415450633;418589.675141604
2023-10-23;;;;;59.0;59;39221.426725547;45787.801476814;2.9333333333333336;4.0;264.030288423;286.987388828;7988.302380952381;7996;1244400.270630588;1468515.617412202;;;;;38.0;38;31155.295770435;31155.295770435;503.87142857142857;524;108229.283456528;109311.990349528;3558.9166666666665;3568;838065.126599367;838065.126599367;;;;;20.0;20.0;19545.187059771;21425.334189116;399.76666666666665;403;59068.331193734;66041.60617719;1753.6666666666663;1755;368772.190604374;421821.333878666
2023-10-30;;;;;44.0;44;22750.160873372;26648.347589764;0.7333333333333334;2.0;4.0;4.0;8347.352380952381;8358;1310445.478499374;1547565.687969343;;;;;27.6;28;20096.683015777;20096.683015777;405.06666666666666;427;83004.043040423;84399.365113423;3308.0333333333333;3315;724069.40949275;724083.97023875;;;;;21.0;21.0;16269.490463215;17389.923599572;303.2619047619048;306;47436.18328316;53628.58490646;1862.3777777777775;1863;345586.497340535;392533.876502506
2023-11-06;;;;;30.0;30;17891.431026149;20830.688777072;3.9999999999999942;4.0;1441.9619269999998;1734.16992;8195.671428571428;8207;1232159.129726618;1455497.151323325;0.3846153846153844;1.0;199.999998;199.999998;30.0;30;33094.200811352;33094.200811352;536.4047619047619;551;136087.282239944;137663.553443944;3667.257142857143;3678;794776.60307041;794796.91488041;1.0;1.0;701.68224;701.68224;10.0;10.0;11097.372811891;11618.720577891;519.95;527;80462.193450673;90043.571026726;1950.5;1952;406655.141499908;465497.452431825
2023-11-13;;;;;26.0;26;15978.090577203;18295.95440209;6.0;6.0;796.822567;856.988272;7892.144444444444;7904;1318890.936549523;1559099.509351548;1.0;1.0;278.229357;278.229357;31.0;31;24731.755017901;24731.755017901;472.48989898989896;488;86844.887776;88317.356553;3858.473015873016;3871;767992.526564943;767996.6090355311;2.0;2.0;529.0012899999999;611.935463;8.0;8.0;4934.322508118001;5508.087125449;439.1666666666667;443;67525.9224007;75382.910695451;2062.833333333333;2064;428409.535749153;492421.910371741
2023-11-20;2.0;2.0;2584.066543;2918.38653;28.666666666666664;30;17039.490024814;19829.920764576;1.0;1.0;0.0;0.0;7605.066666666667;7613;1242318.014173952;1469583.957425043;1.0;1.0;533.849052;533.849052;36.0;36;28474.300588885;28474.300588885;385.5438672438672;400;139902.254957783;141920.507651783;3794.0119047619046;3801;752532.705453261;752575.657449261;;;;;7.999999999999998;8.0;5860.1288130660005;6868.431178066;444.25;452;65623.72050122;73162.504314661;1979.0;1981;373812.110670669;424956.827812009
2023-11-27;1.0;1.0;5080.129998;5653.249974;28.0;28;27258.684476284;31780.932410656;;;;;8328.947368421052;8349;1547220.599968456;1833567.468770687;1.0;1.0;1133.799372;1133.799372;25.0;25;27413.75477906;27413.75477906;383.1333333333333;395;90560.613319276;91368.975346276;3205.1666666666665;3215;656668.709588383;656727.840238383;;;;;3.0;3.0;1591.9902846700002;1791.136297897;443.09090909090907;448;66899.418938852;75695.137020038;2216.111111111111;2217;435666.810945676;498444.328327103
